{"acc_history": [0.0044444444444444444, 0.0038888888888888888, 0.0044444444444444444], "loss_history": [0.00040216164456473454, 0.0010978380176756117, 0.0001508605976899465]}