{"acc_history": [0.0044444444444444444, 0.0038888888888888888, 0.0044444444444444444], "loss_history": [0.0007144781615999009, 0.0008589928679996067, 0.0011133707894219293]}